Category Name,Link
Accounting Software,https://accounting-software.financesonline.com
Accounting Software,https://financesonline.com/top-5-accounting-software-small-business-2017/
Accounts Payable Software,https://accounting-software.financesonline.com/c/accounts-payable
Accounts Receivable Software,https://accounting-software.financesonline.com/c/accounts-receivable
Affiliate Marketing Software,https://affiliate-marketing.financesonline.com
Agile Project Management Software,https://project-management-software.financesonline.com/c/agile-project-management
Apparel Management Software,https://financesonline.com/apparel-management/
Applicant Tracking Software,https://applicant-tracking.financesonline.com
Application Development Software,https://financesonline.com/application-development/
Application Performance Monitoring Software,https://financesonline.com/application-performance-monitoring/
Appointment Scheduling Software,https://appointment-scheduling.financesonline.com
Architecture Software,https://financesonline.com/architecture/
Artificial Intelligence Software,https://artificial-intelligence.financesonline.com
Backup Software,https://backup.financesonline.com
Billing and Invoicing Software,https://accounting-software.financesonline.com/c/billing-and-invoicing
Blog Software,https://blog-software.financesonline.com
Budgeting Software,https://accounting-software.financesonline.com/c/budgeting-software
Building Information Modeling Software - BIM,https://financesonline.com/building-information-modeling/
Business Intelligence Software,https://business-intelligence.financesonline.com
Business Phone Systems,https://financesonline.com/business-phone-systems/
Business Process Management Software,https://business-process-management.financesonline.com
CAD Software,https://cad.financesonline.com
Call Center Software,https://customer-support.financesonline.com/c/call-center
Campaign Management Software,https://marketing-software.financesonline.com/c/campaign-management-software
Car Rental Software,https://financesonline.com/car-rental/
Church Management Software,https://church-management.financesonline.com
Clinical Trial Management Software,https://financesonline.com/clinical-trial-management/
Cloud Management Software,https://financesonline.com/cloud-management/
Club Management Software,https://club-management.financesonline.com
Collaboration Software,https://collaboration-software.financesonline.com
Collaboration Tools Software,https://collaboration-software.financesonline.com/c/collaboration-tools
Communications Software,https://communications-software.financesonline.com
Compliance Management Software,https://financesonline.com/compliance-management/
Construction Management Software,https://construction-management.financesonline.com
Contact Management Software,https://sales-software.financesonline.com/c/contact-management
Content Management Software,https://content-management.financesonline.com
Content Marketing Software,https://marketing-software.financesonline.com/c/content-marketing-software
Contract Lifecycle Management Software,https://contract-lifecycle-management.financesonline.com/
Conversion Rate Optimization Software,https://conversion-rate-optimization.financesonline.com
Corporate LMS Software,https://learning-management-system.financesonline.com/c/corporate-lms
CPQ Software,https://cpq.financesonline.com
CRM Software,https://crm.financesonline.com
Customer Experience Management Software,https://customer-experience-management.financesonline.com
Customer Service Software,https://crm.financesonline.com/c/customer-service
Customer Support Software,https://customer-support.financesonline.com
Data Analytics Software,https://financesonline.com/data-analytics/
Data Visualization Software,https://financesonline.com/data-visualization/
Demand Generation Software,https://marketing-software.financesonline.com/c/demand-generation-software
Dental Practice Management Software,https://dental-practice-management.financesonline.com
Digital Asset Management Software,https://digital-asset-management.financesonline.com
Distribution Software,https://financesonline.com/distribution/
Document Creation Software,https://document-creation.financesonline.com
Document Management Software,https://collaboration-software.financesonline.com/c/document-management
Donor Management Software,https://donor-management.financesonline.com
E-Signature Software,https://accounting-software.financesonline.com/c/e-signature
eCommerce Software,https://ecommerce.financesonline.com
EHR Software,https://ehr.financesonline.com
EHS Software,https://ehs.financesonline.com
Email Management Software,https://communications-software.financesonline.com/c/email-management
Email Marketing Software,https://marketing-software.financesonline.com/c/email-marketing-software
Employee Monitoring Software,https://employee-monitoring.financesonline.com
Employee Scheduling Software,https://employee-scheduling.financesonline.com
Enterprise Project Management Software,https://project-management-software.financesonline.com/c/enterprise-project-management
Enterprise Social Networking Software,https://collaboration-software.financesonline.com/c/enterprise-social-networking
ERP Software,https://accounting-software.financesonline.com/c/erp-software
Event Management Software,https://event-management.financesonline.com
Expense Management Software,https://accounting-software.financesonline.com/c/expenses-management-software
Facility Management Software,https://financesonline.com/facility-management/
Feedback & Reviews Management Software,https://crm.financesonline.com/c/feedback-reviews-management
Field Service Management Software - FSM,https://project-management-software.financesonline.com/c/field-service-management
File Sharing Software,https://file-sharing-software.financesonline.com
Financial Reporting Software,https://accounting-software.financesonline.com/c/financial-reporting-software
Fixed Asset Management Software,https://financesonline.com/fixed-asset-management/
Fleet Management Software,https://fleet-management.financesonline.com
Forms Automation Software,https://forms-automation.financesonline.com
Freelance Platforms,https://freelance-platforms.financesonline.com
Fundraising Software,https://financesonline.com/fundraising/
Gamification Software,https://financesonline.com/top-15-gamification-software-systems/
Geographic Information Systems - GIS,https://gis.financesonline.com
Grammar Checker Software,https://grammar-checker.financesonline.com
Grant Management Software,https://financesonline.com/grant-management/
Graphic Design Software,https://graphic-design.financesonline.com
Help Desk Software,https://help-desk-software.financesonline.com
Hotel Management Software,https://hotel-management.financesonline.com
HR Software,https://hr-management.financesonline.com
IDE Software,https://ide.financesonline.com
Identity Management Software,https://financesonline.com/identity-management/
Industry-Specific Help Desk Software,https://help-desk-software.financesonline.com/c/industry-specific-help-desk
Instant Messaging Software,https://communications-software.financesonline.com/c/instant-messaging-chat
Inventory Management Software,https://sales-software.financesonline.com/c/inventory-management-software
IT Asset Management Software,https://financesonline.com/it-asset-management/
IT Development Software,https://it-management.financesonline.com/c/it-development
IT Management Software,https://it-management.financesonline.com
IT Security Software,https://it-management.financesonline.com/c/it-security
IT Service Management Software,https://customer-support.financesonline.com/c/it-service-management
Knowledge Management Software,https://financesonline.com/knowledge-management/
Landing Page Software,https://landing-page.financesonline.com
Law Practice Management Software,https://law-practice-management.financesonline.com
Lead Management Software,https://sales-software.financesonline.com/c/lead-management
Learning Management System - LMS,https://learning-management-system.financesonline.com
Live Chat Software,https://customer-support.financesonline.com/c/live-chat
Maintenance Management Software - CMMS,https://project-management-software.financesonline.com/c/maintenance-management-systems
Marketing Automation Software,https://marketing-software.financesonline.com/c/marketing-automation-software
Marketing Software,https://marketing-software.financesonline.com
Medical Practice Management Software,https://medical-practice-management.financesonline.com
Mind Mapping Software,https://financesonline.com/mind-mapping/
Mobile Device Management Software - MDM,https://financesonline.com/mobile-device-management/
Mobile Marketing Software,https://marketing-software.financesonline.com/c/mobile-marketing-software
Mobile Payment Systems,https://mobile-payment.financesonline.com
Network Management Software,https://financesonline.com/network-management/
Office Software,https://financesonline.com/office-software/
Online Accounting Software,https://online-accounting.financesonline.com
Online Booking Software,https://online-booking.financesonline.com
Online Community Software,https://collaboration-software.financesonline.com/c/online-community
Online CRM Software,https://crm.financesonline.com/c/online-crm
Payment Gateway,https://payment-gateway.financesonline.com
Payroll Software,https://accounting-software.financesonline.com/c/payroll-management
Performance Appraisal Software,https://performance-appraisal.financesonline.com
POS Software,https://sales-software.financesonline.com/c/pos-software
Predictive Analysis Software,https://financesonline.com/predictive-analysis/
Procurement Software,https://procurement.financesonline.com
Product Information Management - PIM,https://financesonline.com/product-information-management/
Product Lifecycle Management Software - PLM,https://product-lifecycle-management.financesonline.com
Productivity Suite Software,https://collaboration-software.financesonline.com/c/productivity-suite
Professional Services Automation Software - PSA,https://project-management-software.financesonline.com/c/professional-services-automation-psa
Project Collaboration Software,https://collaboration-software.financesonline.com/c/project-collaboration
Project Management Software,https://project-management-software.financesonline.com
Project Portfolio Management Software - PPM,https://project-management-software.financesonline.com/c/project-portfolio-management
Property Management Software,https://financesonline.com/property-management/
Rapid Application Development Software - RAD,https://rapid-application-development.financesonline.com
Real Estate Management Software,https://financesonline.com/real-estate-management/
Remote Support Software,https://customer-support.financesonline.com/c/remote-support
Remote Work Software,https://financesonline.com/remote-work/
Reputation Management Software,https://reputation-management.financesonline.com
Resource Management Software,https://resource-management.financesonline.com
Restaurant Management Software,https://restaurant-management.financesonline.com
Sales Automation Software,https://sales-software.financesonline.com/c/sales-automation
Sales Force Automation Software,https://sales-software.financesonline.com/c/sales-force-automation
Sales Management Software,https://sales-software.financesonline.com/c/sales-management
Sales Proposal Automation Software,https://sales-proposal-automation.financesonline.com
Sales Software,https://sales-software.financesonline.com
Salon Software,https://salon.financesonline.com
Search Marketing Software,https://marketing-software.financesonline.com/c/search-marketing-software
SEO Software,https://seo.financesonline.com
Service Desk Software,https://help-desk-software.financesonline.com/c/service-desk
Shopping Cart Software,https://shopping-cart-software.financesonline.com
Site Search Solutions,https://financesonline.com/site-search/
Social Collaboration Software,https://collaboration-software.financesonline.com/c/social-collaboration-software
Social CRM Software,https://crm.financesonline.com/c/social-crm
Social Media Management Software,https://social-media-management.financesonline.com
Social Media Monitoring Software,https://marketing-software.financesonline.com/c/social-media-monitoring
Survey Software,https://survey.financesonline.com
Talent Management Software,https://learning-management-system.financesonline.com/c/talent-management-system
Task Management Software,https://project-management-software.financesonline.com/c/task-management
Tax Software,https://tax.financesonline.com
Test Management Software,https://test-management.financesonline.com
Time Management Software,https://accounting-software.financesonline.com/c/time-expense-management
Time Tracking Software,https://project-management-software.financesonline.com/c/time-tracking
Translation Software,https://translation.financesonline.com
Version Control Systems,https://financesonline.com/version-control-systems/
Video Conferencing Software,https://communications-software.financesonline.com/c/video-conferencing-software
Video Editing Software,https://video-editing.financesonline.com
Virtual Data Room Software,https://financesonline.com/virtual-data-room/
Virtual Desktop Infrastructure Software,https://financesonline.com/virtual-desktop-infrastructure/
Visitor Management Software,https://financesonline.com/visitor-management/
Visual Project Management Software,https://project-management-software.financesonline.com/c/visual-project-management
VoIP Software,https://communications-software.financesonline.com/c/voip-software
VPN Services,https://vpn.financesonline.com
Warehouse Management Software,https://financesonline.com/warehouse-management/
Web Collaboration Software,https://collaboration-software.financesonline.com/c/web-collaboration
Web Conferencing Software,https://communications-software.financesonline.com/c/web-conferencing-software
Website Builder Software,https://website-builder.financesonline.com
Workflow Management Software,https://workflow-management.financesonline.com
Writing Enhancement Software,https://financesonline.com/writing-enhancement/
