Accounting Software,FreshBooks,NetSuite ERP,QuickBooks Online,Sage Business Cloud Accounting,AvidXchange,A2X,Acumatica,Rossum,DocuPhase,PayEm,Zoho Books,Zoho Expense,Finario,Vibe HCM
Accounting Software
Accounts Payable Software,Melio,FreshBooks,PayEm,Yooz,NetSuite ERP,QuickBooks Online,Kissflow Procurement Cloud,Sage Business Cloud Accounting,GEP SMART,AvidXchange,Rossum,Paramount WorkPlace,Zoho Books,Concur,Checkflo
Accounts Receivable Software,FreshBooks,NetSuite ERP,QuickBooks Online,Sage Business Cloud Accounting,Gaviti,Zoho Books,Xero,Sage 50cloud,FreeAgent,Bill.com,QuickBooks,Wave
Affiliate Marketing Software,Post Affiliate Pro,Tapfiliate,vene dash,ShareASale,TUNE,ClickBank,CJ Affiliate,VigLink,Everflow,Tipalti,RevenueWire,Affise
Agile Project Management Software,monday.com,Wrike,Smartsheet,Zoho Projects,Bridge24,Zoho Sprints,ProjectManager,Kanbanize,Easy Projects,Scoro,Nutcache,SpiraPlan
Apparel Management Software
Applicant Tracking Software,BambooHR,Manatal,Greenhouse,Freshteam,Submittable,Sage HR,WorkBright,eSkill,Sage People,JobAdder,untapt UNLOCKED,Pinpoint,Teamtailor,Zoho Recruit,Indeed.com,Workable
Application Development Software,Kissflow Low-Code,BitBucket,Docker,Studio Creatio Enterprise,Salesforce Platform,Heroku,Xamarin,Plaid,CircleCI,Salesforce App Cloud,Officexlr,Boomerang
Application Performance Monitoring Software,Site24x7,ManageEngine Applications Manager,Dynatrace,Bugsnag,Uptime Cloud Monitor,AppManager,Raygun,Opsgenie,Datadog,Scout,CloudRadar,Cause-Effect Modeling Suite
Appointment Scheduling Software,monday.com,Easy Busy Pets,HoneyBook,Acuity Scheduling,SimplyBook.me,vcita Online Scheduling,Workiz,Zen Planner,Skedda,Rosy Salon Software,Calendly,Genbook
Architecture Software,Cedreo,Esri CityEngine,CorelCAD,Floorplanner,SmartDraw,Home Designer,Planner 5D,ARCHICAD,Bluebeam PDF Revu,SketchUp,ArCADia-ARCHITECTURE,Fohlio
Artificial Intelligence Software,Pecan,Cloud Machine Learning Engine,Azure Machine Learning Studio,Salesforce Einstein,Apache PredictionIO,Nvidia Deep Learning AI,TensorFlow,IBM SPSS,OpenCV,scikit-learn,PlaybookUX,Maana Knowledge Platform
Backup Software,NinjaOne (Formerly NinjaRMM),MSP360 Managed Backup,VMWare vCenter Server,Vembu BDR Suite,Avamar,R-Studio,NetWorker,Microsoft System Center,Acronis Backup and Recovery,Veeam,Backblaze,ZipCloud
Billing and Invoicing Software,Melio,QuickBooks Online,PayEm,NetSuite ERP,FreshBooks,Sage Business Cloud Accounting,Zola Suite,Easy Busy Pets,Zoho Books,Zoho Invoice,HoneyBook,FundBox,Kudoo
Blog Software,Wix,Blogger,Medium,WordPress,Weebly,Squarespace,Zoho Sites,Drupal,SITE123,Joomla!,Populr,Metype
Budgeting Software,FreshBooks,NetSuite ERP,QuickBooks Online,Xero,Sage 50cloud,FreeAgent,QuickBooks Enterprise,Sage Intacct,Tradogram,Board,Fuell,myPlan
Building Information Modeling Software - BIM,Autodesk BIM 360,Tekla BIMsight,Revit,Navisworks,BIMobject,BIMx,ARCHICAD,AECOsim Building Designer,Trimble Connect,Hevacomp,Sefaira,ONUMA
Business Intelligence Software,Wyn Enterprise,Zoho Analytics,Qualtrics Research Core,Ortto,Pecan,Sisense,Looker,Periscope Data,Reveal,Board,ActiveBatch,Ginzametrics,Purple
Business Phone Systems,RingCentral,CloudTalk,Aircall,Acefone,Axon Virtual PBX,Comcast VoIP,Jive Voice,Freshdesk Contact Center,JustCall,Cisco Unified Communications Manager,Asterisk,Voice Carrier IntelliSIP
Business Process Management Software,monday.com,Wrike,KiSSFLOW,Replicon,Acumatica,vtenext,Kintone,Qntrl,Easy Busy Pets,Studio Creatio Enterprise,eVetPractice,Amy Softech
CAD Software,Autodesk AutoCAD,CorelCAD,SmartDraw,ANSYS DesignModeler,MATLAB,SolidWorks Premium,ARCHICAD,Creo View,OpenSCAD,CAD Pro,Punch! ViaCAD,Autodesk Advanced Steel
Call Center Software,RingCentral Contact Center,CloudTalk,Zendesk,AVOXI Genius,Genesys Cloud,NICE inContact CXone,Adversus Dialer,Squaretalk,VCC Live,Five9,LiveAgent,3Clogic,Spechy
Campaign Management Software,HubSpot Marketing,monday.com,Wrike,Mayple,Marketing Creatio,FACT-Finder,SplitMetrics,TUNE,ProjectManager,Microsoft Dynamics 365 Marketing,Customer Advocacy,Gamooga
Car Rental Software
Church Management Software,Pushpay,Planning Center,FellowshipOne,EasyWorship,easyTithe,Pro Church Tools,ChurchTrac Online,ACS Church Software,Churchteams,Church Community Builder,Easy Church Tools Connect Manage,Chaverware
Clinical Trial Management Software
Cloud Management Software
Club Management Software,Mindbody,Zen Planner,Virtuagym,TeamUp,SimplyBook.me,Wild Apricot,Teamsnap,Club Automation,ClubExpress,Rosy Salon Software,myClubhouse,Nudge Coach
Collaboration Software,monday.com,Wrike,ConnectWise Control,Smartsheet,Zoho Projects,Glip,Connecteam,BrainCert,Kintone,Flock,Speakap,Infolio,ContractZen,Punchlist,SwifDoo,Mongrov
Collaboration Tools Software,monday.com,Wrike,Smartsheet,Zoho Projects,Connecteam,Celoxis,Daylite for Mac,Infolio,Scoro,Easy Projects,Crowdicity,Brief
Communications Software,RingCentral,monday.com,Wrike,Glip,Zoho Meeting,GoToConnect (formerly Jive),Flock,GoToMeeting,Messente,GoToWebinar,Speakap,Mobile Text Alerts,Aircall,Squaretalk,SalesHandy,Team On The Run
Compliance Management Software,vRealize Configuration Manager,Thomson Reuters Compliance,Promapp,Compliance 360,Druva inSync,Form.com Restaurant Inspection,Skillcast,BigID,Donesafe,MyEasyISO,LogicGate,Shield FC,Convercent Ethics Cloud Platform
Construction Management Software,Contractor Foreman,monday.com,Corecon,Wrike,Acumatica,CoConstruct,JobNimbus,STACK,SmartUse,PlanGrid,CMiC,Geniebelt
Contact Management Software,Freshsales,HubSpot Sales,monday.com sales CRM,Pipedrive,Pipeliner,vtenext,Kintone,Daylite for Mac,Method:CRM,SalesExec,DejaOffice,InfoFlo,Found.ly,CallVU
Content Management Software,monday.com,HubSpot,Sendinblue,WordPress,Acquia,Drupal,Squarespace,Sitecore,Brightcove,Joomla!,Unicheck,Smartwcm,Fastly
Content Marketing Software,HubSpot Marketing,monday.com,Semrush,Wrike,Contently,Mayple,Optimizely,Percolate,Beamer,BrightInfo,Inboundli,Later
Contract Lifecycle Management Software,Juro Contract Automation,Freshservice,PandaDoc,Oneflow,Gatekeeper,Contractbook,ContractZen,ManageEngine ServiceDesk,ContractWorks,SAP Ariba,Ironclad,Summize
Conversion Rate Optimization Software,Freshmarketer,Unbounce,SE Ranking,FACT-Finder,Hotjar,Moz Pro,Smartlook,Sitechecker,Optimizely,Crazy Egg,ConvertKit,OptinMonster
Corporate LMS Software,TalentLMS,Absorb LMS,iSpring Learn LMS,SkyPrep,eFront,TalentCards,Graphy,Docebo,Coassemble,UpAbility,Versal
CPQ Software,Salesforce CPQ,Oracle CPQ Cloud,SAP CPQ,ConnectWise Sell,Infor CPQ,Odoo,Apttus Intelligent CPQ,iDashboards,Apptivo Estimates App,CallidusCloud CPQ,Configit Quote,Zomentum
CRM Software,HubSpot CRM,Pipedrive,NetSuite CRM,monday.com sales CRM,CRM Creatio,Freshsales,Zoho CRM,Bigin,Salesmate,Pipeliner,Zengine by WizeHive,vtenext,Kintone,Daylite for Mac,EngageBay,Method:CRM,DejaOffice,Easy Busy Pets,Shape Legal,InfoFlo,HoneyBook,eWay-CRM,TriumphCRM,Salestrakr CRM
Customer Experience Management Software,Zendesk,SoGoCX,Qualtrics CX,Verified Reviews,NICE inContact CXone,Tremendous,LiaCX,Smartlook,Yotpo,Podium,CloudCherry,Nickelled
Customer Service Software,Freshdesk,Zendesk,Freshservice,HubSpot Service Hub,NICE inContact CXone,Vivantio,ManageEngine ServiceDesk,Vision Helpdesk,LiveAgent,Salesforce Service Cloud,AzureDesk,TurnTo
Customer Support Software,Freshdesk,Zendesk,Freshservice,Zoho Desk,ConnectWise Control,ConnectWise Automate,CloudTalk,Wix Answers,HubSpot Service Hub,Atera,Genesys Cloud,Qualtrics CX,NICE inContact CXone,Velaro,Vivantio,Splashtop Remote Support,Squaretalk,VCC Live,Cayzu,FixMe.IT,Zoho Assist,ManageEngine ServiceDesk,Vision Helpdesk,LiveAgent,Magentrix,Kommunicate
Data Analytics Software,Zoho Analytics,Ortto,Pecan,IBM Business Analytics,Apache Hadoop,Sisense,Looker,Periscope Data,Board,Google Analytics,Analyse-it,Verofax
Data Visualization Software,Zoho Analytics,Ortto,Pecan,Sisense,Looker,Periscope Data,Reveal,Tableau,Microsoft Power BI,Board,IG Insight,Cumul.io
Demand Generation Software,HubSpot Marketing,Pipedrive,Mayple,Ortto,Marketing Creatio,Unbounce,Wishpond,Qwaya,Criteo,Optimizely,OranGear,Marketing Optimizer
Dental Practice Management Software,Solutionreach Dental,CS PracticeWorks,CS SoftDent,CS OrthoTrac,Weave,Dentrix,Lighthouse 360,Dental Intelligence,Open Dental,Ortho2 Edge Cloud,Dentrix Ascend,Dens PC
Digital Asset Management Software,monday.com,Wrike,Cloudinary,Filecamp,Uploadcare,Bandicam,Adobe Experience Manager,PicMonkey,Panopto,Interplay MAM,WebDAM,Documentum
Distribution Software
Document Creation Software,Qoppa PDF Studio,Templafy,Wondershare PDFelement Pro,Windward Studios Core,Zoho Docs,Quip,Foxit PhantomPDF,Zoho Show,Adobe Acrobat,Conga Composer,Lucion Technologies,Bitacube Lotus Notes to Outlook
Document Management Software,PandaDoc,Oneflow,Filecamp,Qoppa PDF Studio,Vitrium Security,ContractZen,Encyro,ContractWorks,Filemail,PaperSave,Evernote,Intranet Connections
Donor Management Software,Keela,Optimy,NetSuite Grant Management,Bloomerang,Network for Good,Planning Center,Raiser's Edge,Wild Apricot,Salsa CRM,Qgiv,Raklet,Galaxy Digital
E-Signature Software,PandaDoc,Oneflow,HoneyBook,SignWell,Encyro,SignRequest,Signaturely,SignNow,OnTask,Zoho Sign,ZorroSign,Pickcel
eCommerce Software,NetSuite SuiteCommerce,ShipHype Fulfillment,ShipBob,BigCommerce,Simpl Fulfillment,A2X,Wix,Omnisend,Ruby Has Fulfillment,Seller Snap,AddSearch,YourFit by 3DLOOK,Competera Pricing Platform,ShippingEasy,Shift4Shop
EHR Software,Care360,Practice Fusion,Cerner EMR,Optum Physician EMR,TherapyNotes,Sevocity,EpicCare,Office Ally EHR,InteGreat EHR,Kareo Clinical,Medstar HIS,Allscripts EHR
EHS Software,BasicSafe,EHS Insight,Quentic,Intelex,Donesafe,Cority,Enablon EHS,Form.com Mobile EHS,ECAT,INX InControl,Safety Champion,ERA
Email Management Software,Ongage,Sendinblue,Microsoft Dynamics 365 Marketing,Groove,Yesware,Front,Hiver,Gmelius,Suppressionlist.app,NetHunt CRM,Verify550,SoftTweak MBOX to PST
Email Marketing Software,Freshmarketer,HubSpot Marketing,Ongage,Maropost Marketing Cloud,MailerLite,Ortto,Omnisend,Wix ShoutOut,Salesforce Marketing Cloud,Sendinblue,MailOptin,Delivra
Employee Monitoring Software,Connecteam,Insightful,Time Doctor,FlexiServer,Pivotal Tracker,RescueTime,Deputy,Hubstaff,ActiveCollab,Monitask,EP Metrics,Avaima Time & Attendance
Employee Scheduling Software,monday.com,Sage HR,Connecteam,When I Work,Easy Busy Pets,7Shifts,Scissors,SubItUp,Jobber,Deputy,TimeForge,Hyre
Enterprise Project Management Software,monday.com,Smartsheet,Wrike,Zoho Projects,Celoxis,AchieveIt,Jira,ProjectManager,Easy Projects,Scoro,Basecamp,Omnifocus
Enterprise Social Networking Software,Slack,Yammer,Clarizen,Workplace by Facebook,Zimbra,VMware Socialcast,Xoxoday Empuls,eXo Platform,talkSpirit,Igloo Software,QuickReviewer,Zoho Connect
ERP Software,NetSuite ERP,Acumatica,Rossum,Method:CRM,Sage Intacct,SYSPRO,Tipalti,Odoo,Oracle ERP Cloud,Scoro,Sage Business Cloud Enterprise Management,Clearview InFocus
Event Management Software,Wrike,Eventbrite,Cvent,Gather,Bizzabo,ProjectManager,XING Events,Wild Apricot,Scoro,Onlive,Sparxo
Expense Management Software,FreshBooks,QuickBooks Online,Gusto,PayEm,Sage Business Cloud Accounting,Sage HR,Paramount WorkPlace,Method:CRM,Zoho Books,Zoho Expense,BigTime,Sage Intacct
Facility Management Software
Feedback & Reviews Management Software,SoGoSurvey,Qualtrics CX,Verified Reviews,Yotpo,xSellco Feedback,Qualaroo,Synup,HappyFox,Xoxoday Empuls,Zoho Survey,Rising Star Reviews,Surveyi2i
Field Service Management Software - FSM,monday.com,Freshdesk,Wrike,ProntoForms,Connecteam,Method:CRM,Salesforce Field Service Lightning,Jobber,QuickBooks Enterprise,mHelpDesk,RazorSync,Smart Service
File Sharing Software,Filecamp,Encyro,Dropbox Business,eFileCabinet,Google Drive,Filemail,Synology Drive,Dropbox,Box,Apple iCloud,ownCloud,Help Desk Migration
Financial Reporting Software,FreshBooks,NetSuite ERP,QuickBooks Online,Sage Business Cloud Accounting,Spreadsheet Server,PayEm,Zoho Books,Xero,Board,Younium,Equitest,Validis
Fixed Asset Management Software
Fleet Management Software,NexTraq,Wialon,GPSWOX,WEBFLEET,Fleetsmith,GPS-Server,ClearPathGPS,Donesafe,MyRouteOnline,Teletrac Navman Director,Jido Sense,Everlance
Forms Automation Software,ProntoForms,KiSSFLOW,FORM.com,Pardot,JotForm,Quixy,OnTask,Paperform,Zoho Forms,Form.com Restaurant Inspection,Canvas,Formplus
Freelance Platforms,Fiverr,Upwork,Freelancer.com,Envato Studio,PeoplePerHour,Toptal,MarketerHire,Guru.com,DesignCrowd,Nexxt,Hireable.com,TaskRabbit
Fundraising Software,Ledgy,Optimy,ActBlue,Salsa CRM,EveryAction,FundRazr,Anedot,CauseVox,Bloomerang,Double the Donation,Charity Auctions Today,Fundraising Report Card
Gamification Software
Geographic Information Systems - GIS,ArcGIS,Mapbox,TerraSync,MapInfo Pro,QGIS,CARTO,GRASS GIS,FME Hub,MapViewer,Bentley Map,Enfos,Easy Trace Pro
Grammar Checker Software,Grammarly,Reverso,Ginger Software,WhiteSmoke,LanguageTool,PaperRater,Hemingway Editor,ProWritingAid,OnlineCorrection.com,SpellCheckPlus,Grammark,Grammarian PRO2
Grant Management Software,Submittable,Zengine by WizeHive,Optimy,NetSuite Grant Management,PeopleSoft Grants Management,SurveyMonkey Apply,Workday Grants Management,FluidReview,CyberGrants,Sage Intacct,AwardVision,Benevity
Graphic Design Software,Adobe Illustrator CC,Adobe Photoshop CC,Adobe InDesign CC,Canva,GIMP,Pixlr,Inkscape,Autodesk SketchBook,PaintShop Pro,Tailor Brands,CorelDraw,Onshape
Help Desk Software,Freshdesk,Zendesk,SysAid,Freshservice,Zoho Desk,Wix Answers,HubSpot Service Hub,Atera,NICE inContact CXone,vtenext,Velaro,InvGate Service Desk,Vivantio,Service Creatio,VCC Live,Cayzu,JitBit HelpDesk,ManageEngine ServiceDesk,Vision Helpdesk,LiveAgent,MetaCaseDesk,ProProfs Help Desk
Hotel Management Software,Connecteam,Preno,Cloudbeds,Oracle Hospitality,RezOvation,Little Hotelier,ResNexus,Propertyware,Guesty,eviivo,Vreasy,Hoteliga
HR Software,BambooHR,monday.com,Manatal,OnPay,Greenhouse,Sage HR,SoGoSurvey,Freshteam,Connecteam,When I Work,Reviewsnap,WorkBright,eSkill,Sage People,untapt UNLOCKED,Insightful,Evalart,Pinpoint,Mobile Text Alerts,Teamtailor,Zoho Recruit,Darwinbox,Workteam
IDE Software,AWS Cloud9,Xcode IDE,Adobe Flash Builder,Adobe ColdFusion Builder,JDeveloper,Oracle Application Express,Rational Application Developer,Visual Studio IDE,PhpStorm,DbVisualizer,BlueJ,CodeLobster
Identity Management Software
Industry-Specific Help Desk Software,Freshservice,Zendesk,SysAid,Zoho Desk,HubSpot Service Hub,ManageEngine ServiceDesk,LiveAgent,Salesforce Essentials,TeamSupport,Samanage,xSellco Helpdesk
Instant Messaging Software,Glip,Flock,Mobile Text Alerts,Slack,Skype,Jabber,Zoho Cliq,Fuze,Workplace by Facebook,Chatwing,Output Messenger,Nice Chat
Inventory Management Software,NetSuite ERP,monday.com,ShipBob,Katana,GEP NEXXE,ShipHero,ManagerPlus,Acumatica,Cova,Ruby Has Fulfillment,Sortly,Zoho Inventory,MarketMan,Brahmin Solutions
IT Asset Management Software,Freshservice,SysAid,Atera,monday.com,Salesforce Service Cloud,NinjaOne (Formerly NinjaRMM),ManageEngine ServiceDesk,ServiceNow Asset Management,Jira Service Desk,BigID,XIA Configuration,BelManage
IT Development Software,Kintone,Kissflow Low-Code,BitBucket,Microsoft Visual Studio,Salesforce Platform,Microsoft Azure,Xamarin,OutSystems,Appy Pie,ActiveBatch,Rollbar,Automattic
IT Management Software,Freshservice,Atera,Site24x7,Hexnode,Kintone,ManageEngine OpManager,Splashtop Remote Support,NinjaOne (Formerly NinjaRMM),Syxsense,ManageEngine Applications Manager,HotGloo,InterWeave
IT Security Software,ManageEngine Firewall Analyzer,Cloudflare,Malwarebytes,Spiceworks Security,Kaspersky Lab,AVG AntiVirus,SOC Prime Threat Detection Marketplace,GlassWire,BigID,Trustifi,GuardianKey,Keyhub
IT Service Management Software,Freshservice,Zendesk,SysAid,ConnectWise Automate,Atera,Vivantio,NinjaOne (Formerly NinjaRMM),ManageEngine ServiceDesk,LiveAgent,Vision Helpdesk,Jira Service Desk,OTRS
Knowledge Management Software,Document360,Zoho Desk,ServiceNow Knowledge Management,Inkling Knowledge,Zendesk,Atlassian Confluence,Bloomfire,Bitrix24,Igloo Software,ProProfs Knowledge Base,KnowledgeOwl,Tettra
Landing Page Software,HubSpot Marketing,Wix,Unbounce,Sendinblue,ClickFunnels,GetResponse,Pardot,Wishpond,MailChimp,Leadpages,Leadsius,Madyourself
Law Practice Management Software,Zola Suite,Bilr,PracticePanther,Clio,TimeSolv,Bill4Time,MyCase,Firm Central,ActionStep,Rocket Matter,Athennian,Counself
Lead Management Software,Freshsales,HubSpot Sales,Pipedrive,monday.com,Zoho CRM,Pipeliner,vtenext,Ortto,SalesExec,Method:CRM,Really Simple Systems CRM,SheerID,DiscoverOrg
Learning Management System - LMS,TalentLMS,Absorb LMS,iSpring Learn LMS,SkyPrep,BrainCert,360Learning,eFront,TalentCards,Graphy,Coassemble,Plume,Innform
Live Chat Software,Pipedrive,Velaro,Vision Helpdesk,LiveAgent,Freshdesk Messaging,Salesforce Live Agent,Podium,LiveChat,Smith.ai,TeeDee,Banckle Live Chat
Maintenance Management Software - CMMS,Wrike,eMaint,ManagerPlus,Fiix,Hippo CMMS,Dude Solutions,UpKeep,Corrigo,Asset Infinity,Maintenance Assistant,TeroTAM,Sweven
Marketing Automation Software,Freshmarketer,HubSpot Marketing,monday.com,Maropost Marketing Cloud,Ortto,Marketing Creatio,Omnisend,Unbounce,EngageBay,SplitMetrics,Mobile Text Alerts,ContactPigeon,iCrowdNewswire ReleaseLive
Marketing Software,HubSpot Marketing,monday.com,Semrush,Maropost Marketing Cloud,MailerLite,vene dash,Mayple,Ortto,Marketing Creatio,Omnisend,Unbounce,SplitMetrics,AddSearch,SE Ranking,EngageBay,Messente,Mobile Text Alerts,iCrowdNewswire ReleaseLive,Mailjet
Medical Practice Management Software,AthenaHealth,Practice Fusion,Cerner EMR,TherapyNotes,Sevocity,DrChrono,Centricity EMR,PointClickCare,Claimocity,Allscripts EHR,Medstar HIS,PrognoCIS
Mind Mapping Software,FreeMind,Padlet,MindMeister,Canva,GoConqr,Edraw MindMaster,Creately,Cacoo,Coggle,Mindjet,WiseMapping,Bubbl.us
Mobile Device Management Software - MDM,Jamf Pro,Hexnode,Intune,SAP Mobile Secure,Trend Micro Mobile Security,Rippling,Addigy,Fleetsmith,IBM MaaS360,Miradore,AirWatch MDM,ManageEngine Mobile Device Manager Plus
Mobile Marketing Software,Maropost Marketing Cloud,Trumpia,Messente,SplitMetrics,Mobile Text Alerts,SharpSpring from Constant Contact,ActiveTrail,Textedly,PushEngage,Adobe Marketing Cloud,Avochato,Text Request
Mobile Payment Systems,Lightspeed Retail,Apple Pay,QuickBooks GoPayment,PayPal Payments Pro,Square,Adyen,Venmo,Sage Payment Solutions,Uphold,Revel Systems POS,Novopay,Clip
Network Management Software,Atera,Network Configuration Manager,Site24x7,ManageEngine OpManager,NinjaOne (Formerly NinjaRMM),NetFlow Analyzer,Zabbix,PagerDuty,GlassWire,N-able RMM,Pandora FMS,PingPlotter
Office Software,G Suite,Microsoft Office 365 Mobile Apps,Microsoft Office Professional 2016,Google Docs,Office 365,iWork,LibreOffice,Apache OpenOffice,WPS Office,OnlyOffice,Polaris Office 2017,WordPerfect Office X8,Thinkfree,OfficeSuite,AbiWord,Calligra Suite,Etherpad,NeoOffice,Cisdem PDF Converter OCR for Mac,PDF Reader Pro,Microsoft 365,Tigersheet
Online Accounting Software,QuickBooks Online,NetSuite ERP,Melio,FreshBooks,Sage Business Cloud Accounting,Rossum,Zoho Books,Xero,Sage 50cloud,Tipalti,GBCommerce,ZapERP Accounting
Online Booking Software,HoneyBook,Acuity Scheduling,YouCanBook.me,Bookeo,SimplyBook.me,Checkfront,vcita Online Scheduling,YArooms,Skedda,FunAway,Insteract,10to8
Online Community Software,monday.com,Wrike,Zimbra,Vanilla Forums,eXo Platform,Workplace by Facebook,Zoho Discussions,Magentrix,Zoho Connect,IBM Connections,Forumbee,Communifire
Online CRM Software,HubSpot CRM,Pipedrive,NetSuite CRM,monday.com sales CRM,Freshsales,Zoho CRM,Bigin,Salesmate,Pipeliner,Zengine by WizeHive,vtenext,Daylite for Mac,EngageBay,Method:CRM,HoneyBook,Zendesk Sell,SalesforceIQ
Payment Gateway,Stripe,PayPal Payments Pro,2Checkout,Amazon Payments,Podium,BlueSnap,Braintree,Authorize.Net,Fondy,Melio,PayKun,PayKings
Payroll Software,QuickBooks Payroll,Gusto,OnPay,Xero,ADP Workforce Now,Paycor,Rippling,Trolley,Justworks,EPAY Systems,Patriot Software,JetPay
Performance Appraisal Software,BambooHR,Connecteam,Reviewsnap,SuccessFactors,Workday,Trakstar,Hibob,Deputy,EPAY Systems,SutiHR,Mettl 360View,Talent Snapshot
POS Software,Toast POS,Lightspeed Retail,Cova,KORONA,TouchBistro,Grindless,Sapaad,Clover,Revel Systems POS,CAKE,Springboard Retail,posIPOS
Predictive Analysis Software
Procurement Software,PayEm,Kissflow Procurement Cloud,GEP NEXXE,AvidXchange,GEP SMART,Bellwether,Paramount WorkPlace,Procurify,Precoro,Tradogram,SutiProcure,Revvy Contract Management
Product Information Management - PIM
Product Lifecycle Management Software - PLM,monday.com,SAP PLM,Siemens Teamcenter PLM,Autodesk Vault,PTC Creo PLM,Infor PLM Discrete,Infor PLM Optiva,Oracle Agile PLM,PTC Windchill,Upchain PLM,1factory,Simio Simulation Software,1&1 MyWebsite,1&1 Online Accounting,1&1 Online Accounting,123SignUp
Productivity Suite Software,monday.com,Wrike,Flock,Bridge24,ProjectManager,Slack,Backlog,Mavenlink,Easy Projects,Scoro,OnlyOffice,Tipbit
Professional Services Automation Software - PSA,monday.com,NetSuite OpenAir,Wrike,Atera,Polaris PSA,BigTime,ProjectManager,Clarizen,Mavenlink,Birdview PSA,Replicon
Project Collaboration Software,monday.com,Wrike,Smartsheet,Zoho Projects,Connecteam,Daylite for Mac,Infolio,Trello,Clarizen,Mavenlink,OpenProject,ProofHQ
Project Management Software,monday.com,Smartsheet,Wrike,ConnectWise Manage,Zoho Projects,eMaint,Polaris PSA,ProntoForms,elapseit,ManagerPlus,Celoxis,Daylite for Mac,Fiix,Bridge24,Infolio,Optimy,JobNimbus,awork,AchieveIt,ActiTIME,Zoho Sprints,Qaravan,Yanado
Project Portfolio Management Software - PPM,monday.com,Wrike,Zoho Projects,Celoxis,Bridge24,Jira,ProjectManager,Asana,Mavenlink,Easy Projects,Daptiv PPM,ITM Platform
Property Management Software,DoorLoop,Preno,Condo Control,TenantCloud,Hemlane,Building Engines,RealPage,Entrata,ResMan,Mashvisor,PROMAS,Your Porter App
Rapid Application Development Software - RAD,Kintone,Kissflow Low-Code,Google App Maker,GitHub,Microsoft PowerApps,Salesforce Lightning,BitBucket,OutSystems,GitLab,Spring Boot,Quick Base
Real Estate Management Software,monday.com,Pipedrive,Preno,Daylite for Mac,TenantCloud,Hemlane,IBM TRIRIGA,Salesforce Essentials,Arthur Online,Entrata,Property Manager Cloud,LandVision
Remote Support Software,ConnectWise Control,Atera,Zendesk,ConnectWise Automate,Splashtop Remote Support,FixMe.IT,Zoho Assist,Bomgar Remote Support,Toonimo,TeamViewer,SWAG,Surfly
Remote Work Software,monday.com,Wrike,NetSuite OpenAir,Smartsheet,Connecteam,Zoho Sprints,ProjectManager,Clarizen,Kanbanize,Easy Projects,Workova,Workplace by Facebook,monday.com,RingCentral,Zoho Meeting,Flock,GoToMeeting,Speakap,Aircall,JustCall,Slack,Zoom,PandaDoc,BigTime,Dropbox Business,eFileCabinet,Filemail,Samepage,Box,Templafy,SignRequest,Signaturely
Reputation Management Software,Qualtrics CX,Verified Reviews,Easy Busy Pets,Yotpo,Hootsuite,Sprout Social,Podium,BrandYourself,PowerReviews,Synup,NUVI,Reputation Loop
Resource Management Software,monday.com,Wrike,ConnectWise Manage,Smartsheet,Polaris PSA,elapseit,Celoxis,Sage Intacct,Asana,Twproject,Forecast
Restaurant Management Software,Toast POS,When I Work,7Shifts,TouchBistro,Sapaad,Clover,Revel Systems POS,CAKE,Menumiz,Rosnet,HiMenus
Sales Automation Software,HubSpot Sales,Freshsales,Pipedrive,Salesmate,Sales Creatio,Pipeliner,vtenext,Ortto,EngageBay,SalesExec,Method:CRM,Squaretalk,SALESmanago,SellerCloud
Sales Force Automation Software,HubSpot Sales,Freshsales,Pipedrive,PandaDoc,Salesmate,Sales Creatio,Oneflow,SalesExec,SellerCloud,SignRequest,LiveHive,FieldMax
Sales Management Software,HubSpot Sales,Freshsales,monday.com sales CRM,Pipedrive,Pipeliner,Zoho CRM,vtenext,Ortto,EngageBay,SalesExec,Method:CRM,Post Affiliate Pro,LiveHive,Max Classic
Sales Proposal Automation Software,PandaDoc,Oneflow,Seller Snap,HoneyBook,DocSend,Bidsketch,xSellco Repricer,Proposify,BQool Repricing Central,Quoteroller,Highspot,Quoter
Sales Software,Freshsales,HubSpot Sales,Toast POS,ConnectWise Manage,Pipedrive,Katana,Zoho CRM,Salesmate,Sales Creatio,Pipeliner,vtenext,Lightspeed Retail,Ortto,EngageBay,CrankWheel,SalesExec,DejaOffice,TouchBistro,InfoFlo,Logiwa,DiscoverOrg
Salon Software,Mindbody,Acuity Scheduling,Rosy Salon Software,SimplyBook.me,Booker,10to8,Timely,Versum,Reservio,Vagaro,Neko Spa & Salon Software,Full Slate
Search Marketing Software,Semrush,SE Ranking,Raven Tools,Moz,UpCity,Yoast,Web CEO,Sitechecker,Marin,SEISO,Positionly,Navads
SEO Software,Semrush,SE Ranking,MOZ Local,Serpstat,Moz Pro,Ahrefs,AgencyAnalytics,Raven Tools,BrightEdge,Sitechecker,Positionly,MyLnk
Service Desk Software,SysAid,Freshservice,HubSpot Service Hub,Atera,Zendesk,InvGate Service Desk,Vivantio,Service Creatio,ManageEngine ServiceDesk,LiveAgent,Vision Helpdesk,Rezolve.ai,BMC FootPrints
Shopping Cart Software,NetSuite SuiteCommerce,Wix,BigCommerce,Shopify Plus,X-Cart,Shopify,3dcart,Squarespace,PayKickstart,Salesforce Commerce Cloud,E-Junkie,Zen Cart
Site Search Solutions
Social Collaboration Software,monday.com,Wrike,Connecteam,Bridge24,Zoho Projects,Asana,Jive,Chatter,Workplace by Facebook,Xoxoday Empuls,Alma Suite,Salesforce Community Cloud
Social CRM Software,HubSpot CRM,Freshsales,Pipedrive,Zoho CRM,EngageBay,Salesforce CRM,Insightly,Copper,Zendesk Sell,Simple CRM System,Locobuzz
Social Media Management Software,HubSpot Marketing,monday.com,Semrush,Facebook Pages Manager,Salesforce Marketing Cloud,Postoplan,Hootsuite,TweetDeck,Zoho Social,Sprout Social,Statusbrew,Agorapulse
Social Media Monitoring Software,HubSpot Marketing,Semrush,Mayple,Lucidya,InflueNex,SharpSpring from Constant Contact,AdRoll,Qwaya,BuzzSumo,Zoho Social,Sendible,LOOQME
Survey Software,Alchemer,SoGoSurvey,Qualtrics Research Core,QuestionPro,SurveyMonkey,Qualaroo,Confirmit,AskNicely,Retently,Zoho Survey,Koncept,Wufoo
Talent Management Software,Connecteam,Teamtailor,Zoho Recruit,ClearCompany,PeopleAdmin,Rippling,iCIMS Talent Acquisition,PeopleSoft,Recruitee,Xoxoday Empuls,HireFaster,Simformer
Task Management Software,monday.com,Wrike,ConnectWise Manage,Smartsheet,Zoho Projects,Celoxis,Kintone,Infolio,Optimy,Easy Projects,ProProfs Project,PAZO
Tax Software,FreshBooks,QuickBooks Online,Longview Tax,Vertex Cloud Indirect Tax,Zoho Books,Xero,Wave,Sage 50cloud,Paycor,Vertex O Series,Jackson Hewitt,Exactor
Test Management Software,PractiTest,HPE ALM,HP Quality Center,ReQtest,SoapUI,Sauce Labs,Testlio,Loadrunner,Applause,WebLOAD,Bstriker,TestTrack
Time Management Software,FreshBooks,Sage HR,Insightful,Zoho Invoice,Zoho Expense,Time Doctor,BigTime,Deputy,Scoro,Expensify,TimeClock 365,PEX Card
Time Tracking Software,monday.com,Wrike,ConnectWise Manage,Zoho Projects,Connecteam,Replicon,Sage HR,elapseit,Zola Suite,When I Work,Celoxis,Insightful,ActiTIME,Time Card,Pomodizer
Translation Software,One Hour Translation,Babylon Translator,Transifex,Smartling,OneSky,Systran,SDL BeGlobal,Memsource,PhraseApp,GlobalLink,Wordbee Translator,Pairaphrase
Version Control Systems,AWS CodeCommit,Team Foundation Server,GitHub,JEDI VCS,IBM Rational ClearCase,IBM Rational Synergy,BitBucket,Subversion,GitLab,Git,GNU RCS,CA Harvest SCM,StarTeam,TortoiseSVN,Alfresco,OnlyOffice,Beanstalk,Helix Core,CVS,ArX,SourceAnywhere,OnBase
Video Conferencing Software,RingCentral Office,Zoho Meeting,BrainCert,GoToMeeting,GoToWebinar,Lifesize,Skype,Zoom,Cisco Webex,Ryver,Willo,Roundee
Video Editing Software,Final Cut Pro,Filmora,Adobe Premiere Pro,Movavi Video Editor,Fastreel,Movavi Video Converter,Camtasia,Wave.video,Moovly,BeeCut,StoryXpress,TinyTake,Adobe After Effects CC
Virtual Data Room Software
Virtual Desktop Infrastructure Software
Visitor Management Software,Condeco Visitor Management,EasyLobby,DwellingLIVE Visitor Management,LobbyConnect,TEMPbadge VMS,FMS:Visitor,Donesafe,Envoy,Lobby Track,VisiPoint,Menelic Visitor,Digicuro
Visual Project Management Software,Wrike,Smartsheet,Zoho Projects,Celoxis,Trello,ProjectManager,Backlog,Kanbanize,Easy Projects,Nifty PM,erwin Business Process,Scribe
VoIP Software,RingCentral,CloudTalk,AVOXI Genius,GoToConnect (formerly Jive),Acefone,Squaretalk,Aircall,JustCall,Slack,Ooma Office,Versature,Workplace by Facebook
VPN Services,NordVPN,ZenMate,ExpressVPN,Perimeter 81,Cisco AnyConnect,Hide.me,Norton WiFi Privacy,Speedify,CyberGhost,OEM VPN Unlimited,TorGuard,ZoogVPN
Warehouse Management Software,NetSuite ERP,ShipHype Fulfillment,GEP NEXXE,ShipHero,ShipBob,Acumatica,Ruby Has Fulfillment,Zoho Inventory,Fishbowl,Rakuten Super Logistics,NetSuite ERP,Aptean Catalyst WMS
Web Collaboration Software,Wrike,Smartsheet,Connecteam,BrainCert,Flock,ProjectManager,Clarizen,Backlog,Mavenlink,Easy Projects,Zoho Wiki,Communifire
Web Conferencing Software,Zoho Meeting,BrainCert,Flock,GoToMeeting,GoToWebinar,8x8 VoIP Phone Service,RingCentral Video,Lifesize,Join.me,UberConference,HighFive,konectar
Website Builder Software,Wix,BigCommerce,GoDaddy Website Builder,Strikingly,Shopify,Weebly,Squarespace,WooCommerce,DudaMobile,Zoho Sites,Bablic,uKit
Workflow Management Software,Wrike,monday.com,KiSSFLOW,Celoxis,vtenext,Kintone,Qntrl,Method:CRM,HoneyBook,ActiveBatch,Chronos Workflow,AuditBOT SAP License Saver
Writing Enhancement Software
