Tool Name,Link
1. Salesforce
2. Microsoft
3. Adobe Creative Cloud
4. FreshBooks
5. Paychex
6. Google Workspace
7. Xero
8. Zendesk
9. RingCentral
10. GoToConnect
11. Intuit
12. Cisco
13. ServiceNow
14. GoToMeeting
15. GitHub
16. Workday
17. HubSpot
18. Twilio
19. Coupa Software
20. Atlassian
21. Slack
22. Zuora
23. NextRoll
24. Vista Equity Partners
25. DocuSign
26. Marketo
27. Bill.com
28. Shopify
29. MuleSoft
30. Clearlake Capital
31. Eventbrite
32. Amazon Web Services (AWS) SaaS
33. New Relic
34. Splunk
35. Domo
36. Box
37. Tableau
38. Druva
39. Act-On Software
40. Blackboard
41. GoodData
42. SurveyMonkey
43. Cvent
44. Blackbaud
45. Aurea
46. ServiceMax
47. Apptio
48. Veracode
49. Anaplan
50. Rapid7
51. Practical Ignition
52. CodeSignal
53. Bitnami
54. KnowBe4
55. Fleetsmith
56. Eloomi
57. Oracle
58. Veeva Systems
59. Mailchimp
60. Intercom
61. PieSync
62. Proofpoint
63. Travelperk
64. Mobiniti
65. Meistertask
66. Pipeliner CRM
67. ADP
68. Spendesk
69. Teem
70. Avangate
71. Databricks
72. Trackmaven
73. Okta
74. 2Checkout
75. Personio
